INSERT INTO public."Book" ("ISBN", "Title", "Author", "PagesNum", "PubYear", "PubName") VALUES (3, 'Война И Мир том 3', 'Лев Толстой', 350, '1865-01-01', 'Русский вестник');
INSERT INTO public."Book" ("ISBN", "Title", "Author", "PagesNum", "PubYear", "PubName") VALUES (4, 'Война И Мир том 4', 'Лев Толстой', 200, '1865-01-01', 'Русский вестник');
INSERT INTO public."Book" ("ISBN", "Title", "Author", "PagesNum", "PubYear", "PubName") VALUES (5, 'Горная книга', 'Иван Горный', 123, '1865-01-01', 'Издавалы');
INSERT INTO public."Book" ("ISBN", "Title", "Author", "PagesNum", "PubYear", "PubName") VALUES (6, 'Книга о путешествиях', 'Сергей Путевод', 123, '1865-01-01', 'Издавалы');
INSERT INTO public."Book" ("ISBN", "Title", "Author", "PagesNum", "PubYear", "PubName") VALUES (7, 'Путешествия в горах', 'Виктор Корнеплод', 123, '1865-01-01', 'Издавалы');
INSERT INTO public."Book" ("ISBN", "Title", "Author", "PagesNum", "PubYear", "PubName") VALUES (1, 'Война И Мир том 1', 'Лев Толстой', 308, '1865-01-01', 'Русский вестник');
INSERT INTO public."Book" ("ISBN", "Title", "Author", "PagesNum", "PubYear", "PubName") VALUES (2, 'Война И Мир том 2', 'Лев Толстой', 320, '1865-01-01', 'Русский вестник');
INSERT INTO public."Book" ("ISBN", "Title", "Author", "PagesNum", "PubYear", "PubName") VALUES (8, 'Большая книга', 'Лев Толстой', 451, '1865-01-01', 'Издавалы');
INSERT INTO public."Book" ("ISBN", "Title", "Author", "PagesNum", "PubYear", "PubName") VALUES (10, 'Налегке', 'Марк Твен', 2, '1872-01-01', 'Иностранный агент');
INSERT INTO public."Book" ("ISBN", "Title", "Author", "PagesNum", "PubYear", "PubName") VALUES (9, 'Приключения Тома Сойера', 'Марк Твен', 1, '1876-01-01', 'Иностранный агент');
INSERT INTO public."BookCat" ("ISBN", "CategoryName") VALUES (5, 'Горы');
INSERT INTO public."BookCat" ("ISBN", "CategoryName") VALUES (6, 'Путешествия');
INSERT INTO public."BookCat" ("ISBN", "CategoryName") VALUES (7, 'Горы');
INSERT INTO public."BookCat" ("ISBN", "CategoryName") VALUES (7, 'Путешествия');
INSERT INTO public."Borrowing" ("ReaderNr", "ISBN", "CopyNumber", "ReturnDate") VALUES (1, 1, 2, '2024-12-02');
INSERT INTO public."Borrowing" ("ReaderNr", "ISBN", "CopyNumber", "ReturnDate") VALUES (7, 2, 1, '2024-12-02');
INSERT INTO public."Borrowing" ("ReaderNr", "ISBN", "CopyNumber", "ReturnDate") VALUES (7, 4, 2, null);
INSERT INTO public."Borrowing" ("ReaderNr", "ISBN", "CopyNumber", "ReturnDate") VALUES (2, 2, 1, null);
INSERT INTO public."Borrowing" ("ReaderNr", "ISBN", "CopyNumber", "ReturnDate") VALUES (3, 4, 2, '2022-10-13');
INSERT INTO public."Borrowing" ("ReaderNr", "ISBN", "CopyNumber", "ReturnDate") VALUES (3, 2, 1, null);
INSERT INTO public."Borrowing" ("ReaderNr", "ISBN", "CopyNumber", "ReturnDate") VALUES (8, 9, 1, null);
INSERT INTO public."Borrowing" ("ReaderNr", "ISBN", "CopyNumber", "ReturnDate") VALUES (8, 10, 2, null);
INSERT INTO public."Borrowing" ("ReaderNr", "ISBN", "CopyNumber", "ReturnDate") VALUES (1, 10, 1, null);
INSERT INTO public."Borrowing" ("ReaderNr", "ISBN", "CopyNumber", "ReturnDate") VALUES (8, 10, 3, null);
INSERT INTO public."Category" ("CategoryName", "ParentCat") VALUES ('Роман', null);
INSERT INTO public."Category" ("CategoryName", "ParentCat") VALUES ('Природа', null);
INSERT INTO public."Category" ("CategoryName", "ParentCat") VALUES ('Горы', 'Природа');
INSERT INTO public."Category" ("CategoryName", "ParentCat") VALUES ('Путешествия', 'Природа');
INSERT INTO public."Category" ("CategoryName", "ParentCat") VALUES ('1', null);
INSERT INTO public."Category" ("CategoryName", "ParentCat") VALUES ('2', '1');
INSERT INTO public."Category" ("CategoryName", "ParentCat") VALUES ('4', '2');
INSERT INTO public."Category" ("CategoryName", "ParentCat") VALUES ('3', '1');
INSERT INTO public."Category" ("CategoryName", "ParentCat") VALUES ('Спорт', null);
INSERT INTO public."Category" ("CategoryName", "ParentCat") VALUES ('Зимние виды спорта', 'Спорт');
INSERT INTO public."Category" ("CategoryName", "ParentCat") VALUES ('Игры с мячом', 'Спорт');
INSERT INTO public."Category" ("CategoryName", "ParentCat") VALUES ('Хоккей', 'Зимние виды спорта');
INSERT INTO public."Category" ("CategoryName", "ParentCat") VALUES ('Футбол', 'Игры с мячом');
INSERT INTO public."Category" ("CategoryName", "ParentCat") VALUES ('Волейбол', 'Игры с мячом');
INSERT INTO public."Category" ("CategoryName", "ParentCat") VALUES ('Пляжный волейбол', 'Волейбол');
INSERT INTO public."Copy" ("ISBN", "CopyNumber", "ShelfPosition") VALUES (1, 1, 1);
INSERT INTO public."Copy" ("ISBN", "CopyNumber", "ShelfPosition") VALUES (1, 2, 2);
INSERT INTO public."Copy" ("ISBN", "CopyNumber", "ShelfPosition") VALUES (1, 3, 3);
INSERT INTO public."Copy" ("ISBN", "CopyNumber", "ShelfPosition") VALUES (2, 1, 4);
INSERT INTO public."Copy" ("ISBN", "CopyNumber", "ShelfPosition") VALUES (2, 2, 5);
INSERT INTO public."Copy" ("ISBN", "CopyNumber", "ShelfPosition") VALUES (2, 3, 6);
INSERT INTO public."Copy" ("ISBN", "CopyNumber", "ShelfPosition") VALUES (4, 1, 7);
INSERT INTO public."Copy" ("ISBN", "CopyNumber", "ShelfPosition") VALUES (4, 2, 8);
INSERT INTO public."Copy" ("ISBN", "CopyNumber", "ShelfPosition") VALUES (9, 1, 10);
INSERT INTO public."Copy" ("ISBN", "CopyNumber", "ShelfPosition") VALUES (9, 2, 11);
INSERT INTO public."Copy" ("ISBN", "CopyNumber", "ShelfPosition") VALUES (10, 1, 12);
INSERT INTO public."Copy" ("ISBN", "CopyNumber", "ShelfPosition") VALUES (10, 2, 13);
INSERT INTO public."Copy" ("ISBN", "CopyNumber", "ShelfPosition") VALUES (10, 3, 14);
INSERT INTO public."Copy" ("ISBN", "CopyNumber", "ShelfPosition") VALUES (5, 1, 15);
INSERT INTO public."Publisher" ("PubName", "PubAddress") VALUES ('Русский вестник', 'Россия, г. Москва');
INSERT INTO public."Publisher" ("PubName", "PubAddress") VALUES ('Издавалы', 'Россия, г. Екатеринбург');
INSERT INTO public."Publisher" ("PubName", "PubAddress") VALUES ('Иностранный агент', 'San Francisco');
INSERT INTO public."Reader" ("ID", "LastName", "FirstName", "Address", "BirthDate") VALUES (1, 'Жмышенко', 'Валерий', 'г. Самара', '12.04.2000');
INSERT INTO public."Reader" ("ID", "LastName", "FirstName", "Address", "BirthDate") VALUES (2, 'Петров', 'Денис', 'г. Самара', '11.12.1489');
INSERT INTO public."Reader" ("ID", "LastName", "FirstName", "Address", "BirthDate") VALUES (3, 'Абеба', 'Василий', 'г. Москва', '11.12.1967');
INSERT INTO public."Reader" ("ID", "LastName", "FirstName", "Address", "BirthDate") VALUES (4, 'Петров', 'Петр', 'г. Москва', '23.05.1234');
INSERT INTO public."Reader" ("ID", "LastName", "FirstName", "Address", "BirthDate") VALUES (5, 'Сорокина', 'Евдокия', 'г. Москва', '11.12.1967');
INSERT INTO public."Reader" ("ID", "LastName", "FirstName", "Address", "BirthDate") VALUES (6, 'Михеева', 'Анна', 'г. Москва', '12.04.2000');
INSERT INTO public."Reader" ("ID", "LastName", "FirstName", "Address", "BirthDate") VALUES (7, 'Иванов', 'Иван', 'г. Нижний Новгород', '12.23.4567');
INSERT INTO public."Reader" ("ID", "LastName", "FirstName", "Address", "BirthDate") VALUES (8, 'Cena', 'John', 'Unayted steits of amerika', '01.01.1111');
